onset	duration	trial_type	value	sample
5.218	0.002	start_trial	768	2609
5.28	0.002	fixation_cross	786	2640
6.21	8.0	mi	33024	3105
9.186	0.002	start_feedback	781	4593
14.21	0.002	end_trial	800	7105
16.562	0.002	start_trial	768	8281
16.624	0.002	fixation_cross	786	8312
17.554	8.0	sub	33025	8777
20.53	0.002	start_feedback	781	10265
25.554	0.002	end_trial	800	12777
28.842	0.002	start_trial	768	14421
28.906	0.002	fixation_cross	786	14453
29.834	8.0	mi	33024	14917
32.874	0.002	start_feedback	781	16437
37.89	0.002	end_trial	800	18945
39.702	0.002	start_trial	768	19851
39.75	0.002	fixation_cross	786	19875
40.742	8.0	word	33026	20371
43.702	0.002	start_feedback	781	21851
48.742	0.002	end_trial	800	24371
52.156	0.002	start_trial	768	26078
52.25	0.002	fixation_cross	786	26125
53.148	8.0	mi	33024	26574
56.124	0.002	start_feedback	781	28062
61.14	0.002	end_trial	800	30570
64.242	0.002	start_trial	768	32121
64.304	0.002	fixation_cross	786	32152
65.234	8.0	mi	33024	32617
68.21	0.002	start_feedback	781	34105
73.234	0.002	end_trial	800	36617
76.334	0.002	start_trial	768	38167
76.398	0.002	fixation_cross	786	38199
77.328	8.0	word	33026	38664
80.304	0.002	start_feedback	781	40152
85.32	0.002	end_trial	800	42660
87.17	0.002	start_trial	768	43585
87.186	0.002	fixation_cross	786	43593
88.178	8.0	sub	33025	44089
91.148	0.002	start_feedback	781	45574
96.17	0.002	end_trial	800	48085
99.334	0.002	start_trial	768	49667
99.398	0.002	fixation_cross	786	49699
100.39	8.0	word	33026	50195
103.366	0.002	start_feedback	781	51683
108.39	0.002	end_trial	800	54195
111.054	0.002	start_trial	768	55527
111.116	0.002	fixation_cross	786	55558
112.046	8.0	sub	33025	56023
115.022	0.002	start_feedback	781	57511
120.046	0.002	end_trial	800	60023
121.842	0.002	start_trial	768	60921
121.906	0.002	fixation_cross	786	60953
122.834	8.0	sub	33025	61417
125.874	0.002	start_feedback	781	62937
130.89	0.002	end_trial	800	65445
133.992	0.002	start_trial	768	66996
134.054	0.002	fixation_cross	786	67027
134.984	8.0	word	33026	67492
137.96	0.002	start_feedback	781	68980
142.984	0.002	end_trial	800	71492
144.968	0.002	start_trial	768	72484
145.03	0.002	fixation_cross	786	72515
145.96	8.0	mi	33024	72980
148.936	0.002	start_feedback	781	74468
153.96	0.002	end_trial	800	76980
156.436	0.002	start_trial	768	78218
156.5	0.002	fixation_cross	786	78250
157.492	8.0	word	33026	78746
160.468	0.002	start_feedback	781	80234
165.492	0.002	end_trial	800	82746
168.03	0.002	start_trial	768	84015
168.092	0.002	fixation_cross	786	84046
169.022	8.0	mi	33024	84511
172.0	0.002	start_feedback	781	86000
177.022	0.002	end_trial	800	88511
180.242	0.002	start_trial	768	90121
180.304	0.002	fixation_cross	786	90152
181.296	8.0	sub	33025	90648
184.272	0.002	start_feedback	781	92136
189.296	0.002	end_trial	800	94648
191.898	0.002	start_trial	768	95949
191.96	0.002	fixation_cross	786	95980
192.89	8.0	sub	33025	96445
195.866	0.002	start_feedback	781	97933
200.89	0.002	end_trial	800	100445
204.178	0.002	start_trial	768	102089
204.242	0.002	fixation_cross	786	102121
205.17	8.0	word	33026	102585
208.21	0.002	start_feedback	781	104105
213.164	0.002	end_trial	800	106582
214.906	0.002	start_trial	768	107453
214.968	0.002	fixation_cross	786	107484
215.96	8.0	sub	33025	107980
218.936	0.002	start_feedback	781	109468
223.952	0.002	end_trial	800	111976
226.804	0.002	start_trial	768	113402
226.866	0.002	fixation_cross	786	113433
227.796	8.0	word	33026	113898
230.834	0.002	start_feedback	781	115417
235.796	0.002	end_trial	800	117898
238.156	0.002	start_trial	768	119078
238.218	0.002	fixation_cross	786	119109
239.148	8.0	mi	33024	119574
242.124	0.002	start_feedback	781	121062
247.14	0.002	end_trial	800	123570
249.124	0.002	start_trial	768	124562
249.186	0.002	fixation_cross	786	124593
250.116	8.0	mi	33024	125058
253.092	0.002	start_feedback	781	126546
258.116	0.002	end_trial	800	129058
260.35	0.002	start_trial	768	130175
260.414	0.002	fixation_cross	786	130207
261.342	8.0	mi	33024	130671
264.32	0.002	start_feedback	781	132160
269.342	0.002	end_trial	800	134671
270.952	0.002	start_trial	768	135476
271.014	0.002	fixation_cross	786	135507
272.006	8.0	mi	33024	136003
274.984	0.002	start_feedback	781	137492
280.0	0.002	end_trial	800	140000
281.554	0.002	start_trial	768	140777
281.616	0.002	fixation_cross	786	140808
282.546	8.0	sub	33025	141273
285.522	0.002	start_feedback	781	142761
290.546	0.002	end_trial	800	145273
293.148	0.002	start_trial	768	146574
293.264	0.002	fixation_cross	786	146632
294.14	8.0	word	33026	147070
297.116	0.002	start_feedback	781	148558
302.14	0.002	end_trial	800	151070
304.928	0.002	start_trial	768	152464
304.992	0.002	fixation_cross	786	152496
305.92	8.0	sub	33025	152960
308.96	0.002	start_feedback	781	154480
313.914	0.002	end_trial	800	156957
316.828	0.002	start_trial	768	158414
316.89	0.002	fixation_cross	786	158445
317.82	8.0	word	33026	158910
320.796	0.002	start_feedback	781	160398
325.82	0.002	end_trial	800	162910
327.616	0.002	start_trial	768	163808
327.678	0.002	fixation_cross	786	163839
328.608	8.0	sub	33025	164304
331.648	0.002	start_feedback	781	165824
336.608	0.002	end_trial	800	168304
338.656	0.002	start_trial	768	169328
338.718	0.002	fixation_cross	786	169359
339.648	8.0	mi	33024	169824
342.624	0.002	start_feedback	781	171312
347.648	0.002	end_trial	800	173824
349.382	0.002	start_trial	768	174691
349.444	0.002	fixation_cross	786	174722
350.374	8.0	word	33026	175187
353.414	0.002	start_feedback	781	176707
